thiNksmaRt Library Books Catalog,,,,,,,
CIVILS,,,,,,,
TSBN,ISBN,Card No.,Book Title,Author,Publication,Edition/Part,Copies
CSE001,9352601653,1,Indian Economy,Ramesh Singh,,8,
CSE002,9780330505543,2,India After Gandhi,Ramachandra Guha,,,
CSE003,9780143420934,3,Land of the Seven Rivers,Sanjeev Sanyal,,,
CSE004,9789332573932,4,Internal Security,M.Karthikeyan,,,4
CSE005,9780140257618,5,Ecology and Equity,Madhav Gadgil,,,
CSE006,9780195687859,6,India's Ancient Past,R.S Sharma,,,
CSE007,9788193473405,7,Environment and Ecology,R.Rajagopalan,,,
CSE008,9789339204785,8,Governance in India,M.Laxmikanth,,2,
CSE009,9788189005627,9,Disaster Management,Mukesh Kapoor,,,
CSE010,9788131606278,10,Social Problems In India,Ram Ahuja,,P.I,
CSE011,9788120302167,11,Ethics,william K.Frankena,,2,
CSE012,9789332535749,12,Modern India,Sumit sarkar,,,
CSE013,9780415408684,13,Indian Politics and Society Since Independence,Bidyut Chakrabarty,,,
CSE014,9788125036876,14,History of The world,Arjun Dev,,,
CSE015,9789384170011,15,Disaster Management,S.Mukerjee,,,
CSE016,9788125032267,16,History of medieval India,Sasthish Chandra,OBS,,
CSE017,9788131606278,17,Social Problems In India,Ram Ahuja,,P.II,
CSE018,9788131606278,18,Social Problems In India,Ram Ahuja,,P.III,
CSE019,9789382563808,19,Emotional Intelligence,Daniel Goleman,Bloomsberry,,
CSE020,9788132113676,20,Challenge and Strategy,Rajiv Sikri,Sage,,
CSE021,9788192516738,21,Governance ,Ganesh Subramanian,Kavin Mukhil,,
CSE022,9780140107814,22,India's Struggle for Independence,Bipan Chandra,Penguin,,
CSE023,9788131606278,23,Social Problems In India,Ram Ahuja,,,
CSE024,9788131606278,24,Social Problems In India,Ram Ahuja,,P.IV,
CSE025,9788123710310,25,Indian Society,S.C.Dube,NBT,,
CSE026,9789352664689,26,Ethics Integrity and Aptitude,R.K.Gupta,Prabhat,,
CSE027,9788125004226,27,Social Change in Modern India,M.N.Srinivas,OBS,,
CSE028,9788123706351,28,Our Judiciary,B.R.Agarwala,NBT,,
CSE029,9788123751887,29,Panchayit Raj In India,M.Aslam,NBT,,
CSE030,812374644,30,The National Culture of India,S.Abid Hussain,NBT,,
CSE031,9780143104094,31,India After Independence,Bipan Chandra,Penguin,P.I,
CSE032,9780143104094,32,India After Independence,Bipan Chandra,Penguin,P.II,
CSE033,9780143104094,33,India After Independence,Bipan Chandra,Penguin,P.III,
CSE034,9789386858474,34,Geography,Prepmate,Cengage,,2
CSE035,9789332588035,35,Good Governance,M.karthikeyan,Pearson,P.I,
CSE036,9789332588035,36,Good Governance,M.karthikeyan,Pearson,P.II,
CSE037,,37,Physical Geography,Savindra Sigh,,P.II,
CSE038,,38,Location Of Industries,Mrunal.Org,,,
CSE039,9789351763284,39,Ethics Integrity and Aptitude,,Arihant,,
CSE040,9789332588417,40,General Studies-II,Edgar Thorpe,Pearson,,2
CSE041,9789386858498,41,Modern History,Prepmate,Cengage,,
CSE042,9789386858481,42,Economics,Prepmate,Cengage,,
CSE043,9789386873057,43,General Studies-I,Edgar Thorpe,Pearson,,
CSE044,9789386858542,44,General Studies-II,Prepmate,Cengage,,
CSE045,9789352603459,45,Ancient and Medieval India,Punam Dalal dahiya,MGH,,
CSE046,9789387511057,46,Constitution of India,Prepmate,Cengage,,
CSE047,9788192826431,47,Lexicon Ethics,Chronical,Lexicon,,
CSE048,9788178062013,48,Indian and western Philosophy,A.P.Sharma,Unicorn ,,
CSE049,,49,Economic Geography,K.Siddartha,ensemble,,
CSE050,9780070648135,50,Environmental Studies,Benny Joseph,MGH,,
CSE051,9788131703564,51,Physical Geography In Diagrams,R.B.Bunnett,Pearson,,
CSE052,8184120834,52,Bio diversity,B.Mandal,Asian,,
CSE053,9789352604067,53,Selected Contemporary essya,Ssaumitra Mohan,MGH,,
CSE054,9788121905329,54,Modern Indian History,Grover & Mehta,S.Chand,,
CSE055,9789332588028,55,Indian Society,M.Senthil Kumar,Pearson,,
CSE056,9788120777767,56,History of the Modern world,B.V.Rao,Sterling,,
CSE057,9789381523926,57,India Since 1947,Atul Kumar takur,Niyogi Books,,
CSE058,9789339220839,58,Objective Indain Polity,M Laxmi kanth,MGH,,
CSE059,9780195628166,59,Certificate Physical & Human Geagraphy,gohchengleong,OUP,,
CSE060,9789352606238,60,Ethics Integrity and Aptitude,M Kathikeyan,MGH,,
CSE061,9788173718625,61,Environmental Studies,Erach Bharucha,U.P,,
CSE062,9789386858511,62,Ancient and Medieval India,Prepmate,Cengage,,
CSE063,,63,Basic Physical Geography,K sidhartha,Kisalaya,,
CSE064,,64,Geagraphy Through Maps,K sidhartha,Kisalaya,,
CSE065,,65,Indian Economy,Shenkar Ganesh,Kavin Mukhil,,
CSE066,,66,Physical Geography,Pmfias.com,,,
CSE067,,67,The Environment,Pmfias.com,,,
CSE068,,68,International Organisation,IAS Parliament,,,
CSE069,,69,GOVT schemes 2018,IAS Parliament,,,
CSE070,,70,4100+Prelims Questions (P1),xam.in,,P1,2
CSE071,,71,4100+Prelims Questions (P2),xam.in,,P2,2
CSE072,,72,Quote Book,Brainy IAS,,,
CSE073,,73,India's Internal Security,Raj Kumar,Band R,,
CSE074,,74,Indian Economy,K shenkar Ganeshan,Kavin Mukhil,,
CSE075,,75,Indian Geography,Pmfias.com,,,2
CSE076,9789352603633,76,Indian Polity,M Laxmi kanth,MGH,,
CSE077,9788125057239,77,From Plassey To partition,Shekar Bandyopadhya,OBS,P1,2
CSE078,9788125057239,78,From Plassey To partition,Shekar Bandyopadhya,OBS,P2,2
CSE079,,79,International Relations,VN Khanna,Vikas,,
CSE080,,80,Science & Technology,CH Mohan,,,
CSE081,,81,Internal Security,Lohit Mathani,Knowracle,,
CSE082,,82,Ethics,,Aruhi ,,
CSE083,,83,International Relations,Abhishek Tyagi,Shakunthala,,
CSE084,9789284170110,84,Ecology & Environment,K sidhartha,Kisalaya,,
CSE085,,85,Science & Technology,K sidhartha,Kisalaya,,
CSE086,978931127095,86,GS Solved Papers,,Harihanth,,
CSE087,,87,Environment and Ecology,R rajagopalan,Lexis Nexis,,
CSE088,,88,Indian Culture & Heritage,Ausaf Sayeed,Harihanth,,
CSE089,,89,Constitution of India,Ganesh Subramanian,Kavin Mukhil,,
CSE090,8173611351,90,Indian Society & Culture,Nadeem Hasnain,Jawahar ,,
CSE091,9789352602827,91,International Relations,Pawanith singh,MGH,P1,
CSE092,9789352602827,92,International Relations,Pawanith singh,MGH,P2,
CSE093,9789352602827,93,International Relations,Pawanith singh,MGH,P3,
CSE094,9789352602827,94,International Relations,Pawanith singh,MGH,P4,
CSE095,9780198072089,95,Environmental Studies,R rajagopalan,OUP,,
CSE096,8178121718,96,Dictionary Of Economics,Hemraj singh,Ramesh,,
CSE097,9789380607504,97,History of the Modern world,Ranjhan Chakrabarthi,Primus,,
CSE098,817306127,98,Modern India,Rajivahir,Spectrum,,
CSE099,9780070660304,99,Modern Indian History,Mohammad Tarique,MGH,,
CSE100,9788123754529,100,Costal Hazards,HN Srivastava,NBT,,
CSE101,9789350352915,101,The Constitution of india,PM Bakshi,Universal,,
CSE102,97893830644656,102,An Era Of darkness,Shashi Taroor,Rupa,,
CSE103,9788123710075,103,Physical geology of india ,SM matoor,NBT,,
CSE104,8121908876,104,Ancient India ,V.D.Mahajan,Schand,,
CSE105,8170335450,105,Society in India,Ram Ahuja,Rawat,,
CSE106,9789339204198,106,Internal Security of india,Ashok Kumar,MGH,,
CSE107,,107,Indian Philosophy,,Telugu Akademi,,
CSE108,9789386858467,108,Indian Polity,Prepmate,Cengage,,
CSE109,9789386858528,109,General Science,Prepmate,Cengage,,
CSE110,9789386873071,110,GS- History,Edgar Thorpe,Pearson,,
CSE111,9789386873073,111,GS- Indian Polity,Edgar Thorpe,Pearson,,
CSE112,9789386873064,112,GS- General Science,Edgar Thorpe,Pearson,,
CSE113,,113,Human & economics Geography,,NCERT,,
CSE114,,114,Ethics,Ashok Kumar,Wizard,,
CSE115,9789351433217,115,GS4 - ethics Integrity & Aptitude,,Lexis Nexis,p1,
CSE116,9789351433217,116,GS4 - ethics Integrity & Aptitude,,Lexis Nexis,p2,
CSE117,9789351433217,117,GS4 - ethics Integrity & Aptitude,,Lexis Nexis,p3,
CSE118,,118,Indian Geography,,NCRT,,
CSE119,,119,Indian Geography,,Spectrum,p1,
CSE120,,120,Indian Geography,,Spectrum,P2,
CSE121,,121,Indian Society & diversity,NIOS,,P1,
CSE122,,122,Indian Society & diversity,NIOS,,p2,
CSE123,,123,Indian Society & diversity,NIOS,,p3,
CSE124,,124,Indian Society & diversity,NIOS,,p4,
CSE125,,125,Social Problems In India,NIOS,,p1,
CSE126,,126,Social Problems In India,NIOS,,p2,
CSE127,,127,Social Problems In India,NIOS,,p3,
CSE128,,128,Physical Geography,,NCRT,,
CSE129,,129,Agriculture,,NCRT,,
CSE130,,130,Indian Economy,,NCRT,,
CSE131,9788125036845,131,History of Modern India,Bipin Chandra,OBS,,
CSE132,9788125004226,132,Social Change in Modern India,M N srinivas,OSB,,
CSE133,9789387067547,133,Indian Art & culture,Nithin singania,MGH,,
CSE134,9789350947739,134,Indian Art & culture,,Harihanth,,
CSE135,978938485750,135,Indian social problems,CN shenkar Rao,Schand,,
CSE136,9789386858511,136,Ancient & medeival history and culture,Prepmate,Cengage,,
CSE137,9789386858559,137,Science & Technology,Prepmate,Cengage,,
CSE138,978386858504,138,Environment & biodiversity,Prepmate,Cengage,,
CSE139,9789384170165,139,Heritage & Culture,K sidhartha,Kisalaya,,
CSE140,,140,Indian Heritage & culture,NAOS,,,
CSE141,,141,Social Problems In India,NPTL,,,
CSE142,,142,Indian economic Development,NCERT,,,
CSE143,,143,Introductory Macroeconomics,NCERT,,,
CSE144,,144,Understanding Economic Develpoment,NCERT,,C2,
CSE145,,145,Contemporary India 2,NCERT,,,
CSE146,,146,Indian Introducing Sociology,NCERT,,,
CSE147,,147,Fundamentals of Human geography,NCERT,,,
CSE148,,148,Social & political life 2,NCERT,,,
CSE149,,149,Contemporary World polotics,NCERT,,,
CSE150,,150,Democratic Polotics 2,NCERT,,,
CSE151,,151,Themes In World History,NCERT,,,
CSE152,,152,Social & political life 3,NCERT,,,
CSE153,,153,Politics In india Since independence,NCERT,,,
CSE154,,154,Fundamentals of Physical geography,NCERT,,,
CSE155,,155,Indian Society,NCERT,,,
CSE156,,156,Indian people & economy,NCERT,,,
CSE157,9788131696193,157,Ethics Integrity and Aptitude,PD sharma,,,
CSE158,,158,Together Towards Safer India,CBSE,,,
CSE159,9789383452815,159,Economic develpoment in india,AV balakrishnan,Axis ,,
CSE160,8121903645,160,History Of medeval india ,VD mahajan,Schand,,
CSE161,9780195699494,161,Bascis of Environmental Studies,R rajagopalan,OUP,,
CSE162,9789332549920,162,Ethics ,Willaim K Frankena,Pearson,,
CSE163,9789352606627,163,Indian History ,Krihna reddy,MGh,,
CSE164,9788132105664,164,Essay Writing,Munling Shields,Sage,,
CSE165,8179304507,165,Indian Culture ,,Spectrum,,
CSE166,,166,Analytical Reasoning,MK pandey,BSE,P1,
CSE167,,167,Analytical Reasoning,MK pandey,,P2,
CSE168,,168,Geagraphy ,NCERT,,,
CSE169,,225,Contemporary Essays,Abhishek Tyagi,Shakunthala,,
CSE170,,226,TSNB 004 Replace,,,,
CSE171,,227,plassey to partition,Sekhar bondopadhya,OBS,,
CSE172,,228,GS Main Answers ,Vandana Maheshwari,Hed,,
CSE173,,316,23 Years solved papers of GS Prelims,Mrunal,Disha,,
CSE174,9789386873026,317,General Studies Vol I,Edgar Thorpe,Pearson,,
CSE175,9789386873040,318,General Studies Vol III,Edgar Thorpe,Pearson,,
IIT,,,,,,,
IIT001,9788131529805,229,Physics JEE(2E)Mechanics -1,BM Sharma,cengage,,
IIT002,9788131529805,230,DPP Mechanics -1,BM Sharma,cengage,,
IIT003,9789387511248,231,JEE mathematics JEE Trignometry,G.tewani,cengage,,
IIT004,9789387511248,232,DPPTrignometry,G.tewani,cengage,,
IIT005,9789387511231,233,Mathematics Jee (ADV) coordinate Geomety,G.tewani,cengage,,
IIT006,9789387511231,234,DPP Coordinate Geometry,G.tewani,cengage,,
IIT007,9788131529980,235,jee (ADV) Physical Chemistry Part 1,k S warma,cengage,,
IIT008,9788131529980,236,Dpp Physical Chemistry,k S warma,cengage,,
IIT009,9788131530030,237,Jee(adv)inorganic Chemistry part 2,k S warma,cengage,,
IIT010,9788131530030,238,Dpp Inorganic chemistry,k S warma,cengage,,
IIT011,9789387511224,239,Mathematics Jee (ADV)calculus,G.tewani,cengage,,
IIT012,9789387511224,240,Dpp Calculus,G.tewani,cengage,,
IIT013,9788131529843,241,Physics JEE(adv) waves & thermodynamics,BM Sharma,cengage,,
IIT014,9788131529843,242,Dpp Waves & thermodynamics,BM Sharma,cengage,,
IIT015,9789387511286,243,Organic Chemistry (adv)part 1,k S warma,cengage,,
IIT016,9789387511286,244,DPP Organic Chemidtry,k S warma,cengage,,
IIT017,9789387511316,245,Physical chemistry JEE(adv)part 2,k S warma,cengage,,
IIT018,9789387511316,246,DPP Physical chemistry,k S warma,cengage,,
IIT019,9789387511163,247,Physics jee(adv)magnetism & electromagnetic induction,BM Sharma,cengage,,
IIT020,9789387511163,248,DPP magnetism & electromagnetic induction,BM Sharma,cengage,,
IIT021,9780387511293,249,Organic Chemistry Jee (adv) part 2,k S warma,cengage,,
IIT022,9780387511293,250,DPP Organic Chemistry,k S warma,cengage,,
IIT023,9789387511262,251,Inorganic Chemisrty JEE (adv) part 1,k S warma,cengage,,
IIT024,9789387511262,252,DPP Inorganic Chemisrty JEE (adv) part 1,k S warma,cengage,,
IIT025,9789387511255,253,Mathematics Jee (adv)Vectors & 3d Geometry,G.tewani,cengage,,
IIT026,9789387511255,254,DPPMathematics Jee (adv)Vectors & 3d Geometry,G.tewani,cengage,,
IIT027,9789387511217,255,Algebra,G.tewani,cengage,,
IIT028,9789387511217,256,DPP Algebra,G.tewani,cengage,,
IIT029,9780387511194,257,Physics JEE (adv)Optics & Modern Physics,BM Sharma,cengage,,2
IIT030,9780387511194,258,DPP Physics JEE (adv)Optics & Modern Physics,BM Sharma,cengage,C2,2
IIT031,9789387511156,259,Physics JEE (adv)Electo statistics and current electricity,BM Sharma,cengage,,
IIT032,9789387511156,260,DPP Physics JEE (adv)Electo statistics and current electricity,BM Sharma,cengage,,
IIT033,9789387511187,261,Physics JEE (adv)Mechanics II,BM Sharma,cengage,,
IIT034,9789387511187,262,DPP Physics JEE (adv)Mechanics II,BM Sharma,cengage,,
IIT035,9789387994447,265,Objective Mathematics for JEE,G Tewani,Cengage,,
IIT036,9789332543713,266,Fundamentals of Mathematics for JEE main and advanced coordinate geometry,Sanjay Mishra,Pearson,,
IIT037,9788131793534,267,University Physics for JEE Vol II,Hugh D Young,Pearson,13,
IIT038,9789332543881,268,University Physics for JEE Vol I,Hugh D Young,Pearson,13,
IIT039,9789332543751,269,Fundamentals of Mathematics for JEE main and advanced Algrba I,Sanjay Mishra,Pearson,,
IIT040,9789332537828,270,Fundamentals of Mathematics for JEE main and advanced Algrba II,Sanjay Mishra,Pearson,,
IIT041,9789332570276,271,Fundamentals of Mathematics for JEE main and advanced Integrated Calculus,Sanjay Mishra,Pearson,,
IIT042,9789332537835,272,Fundamentals of Mathematics for JEE main and advanced Trignometry,Sanjay Mishra,Pearson,,
IIT043,9789332570269,273,Fundamentals of Mathematics for JEE main and advanced Differntial Caculus,Sanjay Mishra,Pearson,,
IIT044,9789332586413,274,A Complete Resource Book in Mathematics JEE MAIN 2018,Dinesh Khattar,Pearson,,
IIT045,9789332586390,275,A Complete Resource Book in Chemistry JEE MAIN 2018,A.K.  Singhal,Pearson,,
IIT046,9789332586406,276,A Complete Resource Book in Physics JEE MAIN 2018,Sanjeev Kumar,Pearson,,
IIT047,9788131532379,277,Objective Physics for JEE,BM Sharma,Pearson,,
IIT048,9788131532393,278,Objective Chemistry for JEE,Seema Saini,pearson,,
IIT049,9788131704813,279,Organic Chemistry,Robert Thorton,pearson,17,
IIT050,9789332578319,280,Solutions to Advanced Problems in Organic Chemistry,Akshay Choudary,pearson,,
IIT051,9789332575615,281,Advanced Problems in Organic Chemistry,Akshay Choudary,pearson,,
IIT052,9789332517561,282,Conceptual  in Organic Chemistry ,DK Singh,pearson,,
IIT053,9789332568723,283,Olympiad Mathematics,Vikash Tiwari,pearson,,
IIT054,9789332568716,284,Olympiad JEE Advanced Physics,Arvind Tiwari,pearson,,
IIT055,9789352866748,285,IIT Foundation Series Chemistry Class 8,,pearson,,
IIT056,9789352866731,286,IIT Foundation Series Chemistry Class 7,,pearson,,
IIT057,9789352866816,287,IIT Foundation Series Mathematics Class 7,,pearson,,
IIT058,9789352866823,288,IIT Foundation Series Mathematics Class 8,,pearson,,
IIT059,9789352866847,289,IIT Foundation Series Mathematics Class 10,,pearson,,
IIT060,9788131534410,290,16 Years Chapterwise Solutions for JEE Main (2002 to 2017),BM Sharma,Cengage,,
IIT061,9788121939614,291,IIT Foundation Mathematics Class 8,SK Gupta,S Chand,,
NEET,,,,,,,
NEET 001,9789332586215,292,Objective Biology for NEET,Dr. Rajiv Vijay,Pearson,,
NEET 002,9789332586192,293,objective Physics for NEET,Abhay Kumar,Pearson,,
NEET 003,9789332586208,294,Objective Chemistry for NEET Vol I,A.K. Singhal,Pearson,,
NEET 004,9789332586222,295,Objective Chemistry for NEET Vol II,A.K. Singhal,Pearson,,
NEET 005,9788131532607,296,21 Test Papers for NEET,,Cengage,,
NEET 006,9789386858672,297,Crash course in chemistry for NEET ,,Cengage,,
NEET 007,9789386858689,298,Crash course in physics for NEET ,,Cengage,,
NEET 008,9789387994720,299,Objective Bio NEET Class XI,Hariom Gangwar,Cengage,,
NEET 009,9789387994836,300,A to Z physics for NEET Class XII,,Cengage,,
NEET 010,9789387994768,301,Objective Physics for NEET Class XI,B.M. Sharma,Cengage,,
NEET 011,9789387994775,302,Objective Physics for NEET Class XII,B.M. Sharma,Cengage,,
NEET 012,9789387995737,303,Objective Bio NEET Class XII,Hariom Gangwar,Cengage,,
NEET 013,9789387994751,304,Objective Chemistry for NEET Class XII,Seema Saini,Cengage,,
NEET 014,9789387994782,305,A to Z Biology for NEET Class XI,,Cengage,,
NEET 015,9789387994799,306,A to Z Biology for NEET Class XII,,Cengage,,
NEET 016,9789387994814,307,A to Z Chemistry for NEET Class XII,,Cengage,,
NEET 017,9789387994829,308,A to Z physics for NEET Class XI,,Cengage,,
NEET 018,9789387994119,309,Chemistry NEET for everyone Part I,R Sharma,Cengage,,
NEET 019,9789387994133,310,Physics NEET for everyone Part I,C.P. Singh,Cengage,,
NEET 020,9789387994140,311,Physics NEET for everyone Part II,C.P. Singh,Cengage,,
NEET 021,9789387994744,312,Objective Chemistry for NEET Class XI,Seema Saini,Cengage,,
NEET 022,9789387994157,313,Biology NEET for everyone Part I,A Tripathi,Cengage,,
NEET 023,9789387994164,314,Biology NEET for everyone Part II,A Tripathi,Cengage,,
NEET 024,9789387994805,315,A to Z Chemistry for NEET Class XI,,Cengage,,
GENERAL,,,,,,,
GEN001,8179304825,169,Gandhi Nehru Tagore,,Spectrum,,
GEN002,9780553176988,170,A Brief History Of Time,Stephen Hawking,Bantham,,
GEN003,9780143030225,171,The Burden of Democracy,pratap Bhanu,Penguin,,
GEN004,1840468533,172,Philosophy a graphic Guide,Dav Robbin son,Gutenberg Press,,
GEN005,9788184001631,173,day to day economics,IIM-A,Random House,,
GEN006,978184001389,174,Being Ethical,IIM-A,Random House,,
GEN007,9788123753607,175,Communalism,Bipin Chandra,NBT,,
GEN008,9788123709697,176,Lokamanya Tilak,GP Pradhan,NBT,,
GEN009,9788123736815,177,Tribal Life in india,Nirmal Kumar Bose,NBT,,
GEN010,9781846041242,178,Man Search for Meaning,Viktore E Frankl,Rider,,
GEN011,9788184001402,179,Business And intellectual Property,Anurag K Agarwal,Random House,,
GEN012,9788182745780,180,Attitude is everything,Jeff Keller,Pentagon,,
GEN013,9788185674414,181,How to develop Self confidence,Ananth Pai,UBSPD,,
GEN014,9788183223225,182,What to say when you talk to your self,shad helmstetter,Manjul,,
GEN015,9781848314221,183,emotional Intelligence,david walton,allen & Unwin,,
GEN016,9788123750361,184,Globalisation & Development,Sunandha Sen,NBT,,
GEN017,9788129120212,185,What young india wants,Chetan Bhagat,Rupa,,
GEN018,9788184004052,186,Why I am paying more,IIM-A,Random House,,
GEN019,9780143027805,187,Untouchable,Mulk Raj Anand,Penguin,,
GEN020,9781848310087,188,Ethics a Graphic Guy,Dev Robbin Son,Gutan Berg,,
GEN021,9718123717821,189,Public administration In india,Padma Ramchandran,NBT,,
GEN022,9788123763019,190,Forest Biodiversity,PS Rama krishnan,NBT,,
GEN023,9788123743745,191,Black Holes,jayanth narlikar,NBT,,
GEN024,,192,Quote Book,,Branyies,,
GEN025,9700198073826,193,Oxford School Atlas,,OUP,,
GEN026,,194,The power of your unconcius mind,DR.Joseph Murphy,Grawine India,,
GEN027,9780062312679,195,Freakonomics,Steven D levitt,Willam Morrow,,
GEN028,9788123714585,196,Energy,AK bakshi,NBT,,
GEN029,9781609946784,197,Eat that Frog,Brian Tracy,BK,,
GEN030,9780446508940,198,Guide to investing,Robert T kyosaki,Grand Central,,
GEN031,,199,The Philosophy Book,,DK,,
GEN032,9780141033570,200,Thinking Fast & Slow,Daneil kahenman,Penguin,,
GEN033,9788123750750,201,RTI Act,Suchi Pandey,NBT,,
GEN034,9788123700366,202,Our Environment,Laeeq Futehally,NBT,,
GEN035,9788123747286,203,Employment Garaunte Act,Nikhil Dey,NBT,,
GEN036,9788184952285,204,Cheguvera,Richard L Harris,Jico,,
GEN037,9788123769998,205,Democracy in india,Chander Prakash,NBT,,
GEN038,9788123761398,206,Freedom movement & indian muslims,Santimoy ray,NBT,,
GEN039,9788129134615,207,Not just an accountant,Vinod Roy,Rupa,,
GEN040,9788123749976,208,China,Smt Chakarbarty,NBT,,
GEN041,97818470946249,209,The power of habit,Charles Duhigg,RH,,
GEN042,9780140449334,210,Meditations,Marcus aurelius,Penguin,,
GEN043,9788184000191,211,Strategies for the future,Ajeet N mathur,IIM-A,,
GEN044,978813757933,212,The contribution of revolutionist in indias freedm struggle,Hiren Gohain,NBT,,
GEN045,9788123711232,213,The monsoons,PK Das,NBT,,
GEN046,9788123754109,214,From Government to governence,Kuldeep mathur,NBT,,
GEN047,9781848313415,215,Ethics for every day life,Dev Robbin Son,Introducing,,
GEN048,9788123746975,216,The partion of india,Anitha Indersingh,NBT,,
GEN049,9780007420124,217,The Art of war,Sun Tzu,Kollins Classics,,
GEN050,9788188452002,218,The Art of dealing with people,Les gibilin,Embassy Books,,
GEN051,9780128062745,219,Oxford School Atlas - India,,OUP,,
GEN052,9780062312686,220,The intellegent investor,Benjamin Graham,Harper,,
GEN053,9788175960299,221,Essential english grammer,Ramond Murphy,CamBridge,,
GEN054,9788129135742,222,The Dramatic Decade,Pranab Mukerjee,Rupa,,
GEN055,9780143419549,223,Visual Dictionary,DK,DK,,
GEN056,9788183071000,224,Word Power made Easy,Noran Lewis,Goyalsab,,
SSC,,,,,,,
SSC001,9789384761141,320,General Science,,Lucent's,,2
SSC001,9789384761141,321,General Science,,Lucent's,,2
SSC002,9789384761547,322,General Knowledge,,Lucent's,,3
SSC002,9789384761547,323,General Knowledge,,Lucent's,,3
SSC002,9789384761547,324,General Knowledge,,Lucent's,,3
SSC004,9789352531950,325,Quick Arithametic,Ashish Agarwal,S. Chand,,
SSC005,9789388026741,326,Quaterly Current Affairs,Disha,Disha,,3
SSC005,9789388026741,327,Quaterly Current Affairs,Disha,Disha,,3
SSC005,9789388026741,328,Quaterly Current Affairs,Disha,Disha,,3
SSC006,9789351473749,329,General Studies,B. Singh,Made Easy,,2
SSC006,9789351473749,330,General Studies,B. Singh,Made Easy,,2
SSC007,9789332546998,331,Quantitaive Aptitude,Dinesh Khattar,Pearson,,
SSC008,9788121915311,332,Objective General English,R.S. Agarwal,S. Chand,,
SSC003,9788121905510,333,Verbal and Non-verbal Reasoning,R.S. Agarwal,S. Chand,,
SSC009,9789332587519,334,Concise General Knowledge Manual,Edgar Thorpe,Pearson,,
SSC010,9788192933542,335,Objective General Knowledge,Lucent's,Lucent's,,
SSC011,9788121924986,336,Quantitaive Aptitude,R.S. Agarwal,S. Chand,,
SSC012,8121905524,337,Verbal Reasoning,R.S. Agarwal,S. Chand,,
STATE,,,,,,,
STA001,97881921116785,338,History of Telangana Movements,V. Prakash,GBK,,
STA002,,339,Vijetha Competitions Current Affairs,Vijetha,Vijetha,,
STA003,,340,Science and Technology Previous bits (2016-17),,Winners,,
STA004,,341,Hitech Vijaya Rahasyam GK (2018-19),,Hitech,,
STA005,,342,VRO & Group - IV Secreterial Abilities,B. Krishna Reddy,GBK,,
STA006,,343,"Telangana Samjam - Sankriti, Sahityam ",Raghu Depaka,Genius,,
STA007,,344,Sciende and Technology - General Science,Ravi Kumar,Winner,,
STA008,,345,VRO & Group - IV General Studies,B. Krishna Reddy,GBK,,
STA009,,346,"Telangana Prabutva Vidanaalu - Pathakaalu, Kendra Prabutva vidanaalu pathakaalu",Narsimhulu,Vivana,8,
STA010,,347,Hitech Vijaya Rahasyam GK (2018-19) Supplement,,Hitech,,
MATHS,,,,,,,
MAT001,9788170089391,348,Differntial Equations,N.P. Bali,LP,,
MAT002,9788120307865,349,Computer Oriented Numerical Methods,V. Rajaraman,PHI,,
MAT003,9789380298245,350,Linear Algrebra,Prakash Om,LP,,
MAT004,9788121930710,351,Numerical Analysis,Ranganatham,S. Chand,,2
MAT005,8121904714,352,Differntial Calculus,Shanti Narayan,S. Chand,,2
MAT006,8121925967,353,A textbook of Matrices,Shanti Narayan,S. Chand,,
MAT007,8121902819,354,Operations Research,Prem Kumar Gupta,S. Chand,,
MAT008,9788184310221,355,Switching Theory and Logic Design,A.P. Godse,Technical Publications Pune,,
MAT005,8121904714,356,Differntial Calculus,Shanti Narayan,S. Chand,,2
MAT009,8121938902,357,Higher Engineering Mathematics,H.K. Dass,S. Chand,,
MAT010,70990093,358,Theory and problems of Vector Analysis,Murray R,Schaum's Outline Series,,
MAT011,8121908925,359,Ordinary and Partial Differential Equations,M.D. Raisinghania,S. Chand,,
MAT012,8121906814,360,Integral Calculus,Shanti Narayan,S. Chand,,
MAt013,8121905990,361,Mechanics For Studenrs of B.Sc,D.S. Mathur,S. Chand,,
MAT014,,362,Analytical Solid Geometry,A.R. Vasishta,Krishna Prakashan Media,,
MAT015,,363,Differntial Calculus,A.R. Vasishta,Krishna Prakashan Media,,
MAT016,,364,Matrices,A.R. Vasishta,Krishna Prakashan Media,,
MAT017,,365,Matrices,A.R. Vasishta,Krishna Prakashan Media,,
MAT018,,366,Numerical Analysis,A.R. Vasishta,Krishna Prakashan Media,,
MAT019,,367,Vector Calculus,A.R. Vasishta,Krishna Prakashan Media,,2
MAT020,,368,Vector Calculus,R. Gupta,LP,,
MAT021,812031266X,369,Introductory Methods of Numerical Analysis,S.S. Sastry,PHI,,
MAT022,,370,"Definitions and Formulae in Mathematics, Classes XI-XII",Ravi Kumar,LP,,
MAT023,,371,Linear Algrebra,A.R. Vasishta,Krishna Prakashan Media,,
MAT024,,372,Integral Calculus,A.R. Vasishta,Krishna Prakashan Media,,
MAT025,9788126523511,373,Linear Statistical Inference and It's applications,C.R. Rao,Wiley India,2,
MAT026,9780230634367,374,Linear Programming Theory and Applications,J.K. Sharma,MacMillan,,
MAT027,9788185015705,375,A first course in abstract algebra,John B. Fraleigh,Narosa,3,
MAT028,9788126511099,376,Introduction to Real Analysis,Robert G. Bartle,Wiley India,3,
MAT029,9788126517572,377,Stochastic Process,Sheldon M. Ross,Wiley India,2,
MAT030,812190898,378,Fluid Dynamics with Complete Hydrodynamics and Boundary Layer Theory,M.D. Raisinghania,S. Chand,,2
MAT031,9788122427721,379,Mathematical Analysis,S.C. Malik,New Age International,4,
MAT032,,380,Dynamics,N.P. Bali,LP,,
MAT033,,381,Numerical Analysis,R. Gupta,LP,,
MAT034,,382,Numerical Analysis and Programming in C,A.R. Vasishta,Krishna Prakashan Media,,
MAT035,8121926610,383,Analytical Solid Geometry,Shanti Narayan,S. Chand,,
MAT036,,384,Complex Analysis,A.R. Vasishta,Krishna Prakashan Media,,
MAT037,8121901618,385,Vector Calculus,Shanti Narayan,S. Chand,,
MAT038,70482985,386,Engineering Mathematics,B.V. Ramana,McGraw Hill,,
MAT039,8121903068,387,Elements of Real Analysis,Shanti Narayan,S. Chand,,2
MAT040,9789380298849,388,Differntial Calculus,N.P. Bali,Fire Wall Media,,
MAT030,812190898,389,Fluid Dynamics with Complete Hydrodynamics and Boundary Layer Theory,M.D. Raisinghania,S. Chand,,2
MAT041,9788120335394,390,Computer Oriented Numerical Methods,P. Thangaraj,PHI,,
MAT042,9788120339323,391,Abstract Algebra,I.H. Sheth,PHI,,
MAT043,8177583328,392,Linear Algrebra,Kenneth Hoffman,LPE,,
MAT044,9780199235940,393,Concise Dictionary of Mathematics,Christopher Clapham,Oxford,,
MAT045,9780486498768,394,Elements of Partial Differential Equations,N. Sneddon,Dover,,
MAT039,8121903068,395,Elements of Real Analysis,Shanti Narayan,S. Chand,,2
MAT004,9788121930710,396,Numerical Analysis,Ranganatham,S. Chand,,2
MAT046,,397,Mechanics Fluid Dynamics Statics Dynamics,,Krishna Series,,
MAT047,9780070605022,398,Linear Algrebra,Seymour Lipschutz,McGraw Hill,3,
MAT048,,399,Real Analysis,J.N. Sharma,Krishna Prakashan Media,,
MAT049,,400,Differential Equations,Sharma and Gupta,Krishna Prakashan Media,,
MAT019,,401,Vector Calculus,A.R. Vasishta,Krishna Prakashan Media,,2
MAT050,,402,Complex Analysis,A.R. Vasishta,Krishna Prakashan Media,,
MAT051,,403,Modern Algebra,A.R. Vasishta,Krishna Prakashan Media,,
MAT052,9788126510184,404,Topics in Algebra,I.N. HERSTEIN,Wiley India,2,
MAT053,,405,Linear Programming,R.K. Gupta,Krishna Prakashan Media,,
MAT054,,406,Analytical Geometry - Coordinate solid geometry,A.R. Vasishta,Krishna Prakashan Media,,
MAT055,,407,Real Analysis,A.R. Vasishta,Krishna Prakashan Media,,
MAT056,,408,Modern Algebra,A.R. Vasishta,Krishna Prakashan Media,,
MAT057,,409,Modern Algebra,A. Mohindroo,Fire Wall Media,,
OTHERS,,,,,,,
OTH001,9789332585614,410,GPAT,Umang Shah,Pearson,,
OTH002,9789386858566,411,10 Practice Tess Bitsat,,Cengage,,
OTH003,9789332576513,412,Complete guide for the CAT,Nishit K. Sinha,Pearson,,
OTH004,9780070634169,413,Numerical Methods for Engineers,Stephen C Chapra,McGraw Hill,,
OTH005,8177583301,414,Managing the software process,Watts S. Humphrey,Pearson,,
OTH006,9780070620208,415,Essentials of Management,Harold Koontz,McGraw Hill,,
OTH007,9788126509867,416,Algorithm Design,Michael T. Goodrich,Wiley India,,
OTH008,9780123704832,417,Probability and Statistics for Engineers and Scientists,Sheldon M. Ross,Elsevier,,
OTH009,195668049,418,Technical Communication,Meenakshi Raman,Oxford,,
OTH010,,419,Modern compiler implementation in C,Andrew W. Appel,Camebridge University,,
OTH011,8177584227,420,Programming Languages,Ravi Sethi,Pearson,,
OTH012,8128001108,421,Computer Concepts and C Programming,C.B. Kotor,Sapna Book House,,
OTH013,9788120340077,422,Algorithms,Thomas H. Cormen,PHI,,
OTH014,9788131708439,423,Multimedia Communication Systems,K.R. Rao,Pearson,,
OTH015,,424,Datastructures using C,A.K. Rath,SciTech,,
OTH016,8178080141,425,Unix Network Programming,W Richard Stevens,,,
OTH017,,426,Programming ANSI C,Bala Guruswamy,McGraw Hill,,
OTH018,9788131761663,427,Cryptography and Network Security,Willaim Stallings,Pearson,,
OTH019,9780070636774,428,The complete reference JAVA,Herbert Schildt,McGraw Hill,7,
OTH020,8177581651,429,Computer Networks,Andrew S. Tanenbaum,Pearson,,
OTH021,71240837,430,Software Engineering,Roger S. Pressman,McGraw Hill,,
OTH022,97881221998697,431,Managerial Skills,K. Alex,S. Chand,,
OTH023,70595003,432,Introduction to Computing Systems,Sanjay J Patel,McGraw Hill,,
OTH024,8123902972,433,A Problem book in Mathematical Analysis,G.N. Berman,CBS,,
OTH025,9780071072748,434,Sofware Project Management,Bob Hughes,McGraw Hill,,
OTH026,9780070593626,435,Object Oriented Programming in C ++,Bala Guruswamy,McGraw Hill,,
OTH027,8178083191,436,"Multimedia Computing, Communications and Applications",Ralf Steinmetz ,Pearson,,